{
  "pets": [
    {
      "id": 1,
      "name": "P",
      "speciesId": "1",
      "breed": "",
      "colors": [
        "brown"
      ],
      "age": "",
      "owner": ""
    },
    {
      "id": 2,
      "name": "Cujo",
      "speciesId": "2",
      "breed": "St. Bernard",
      "colors": [
        "brown",
        "black",
        "gray",
        "white"
      ],
      "age": 7,
      "owner": "Brett Camber"
    }
  ],
  "species": [
    {
      "id": 1,
      "name": "Cat",
      "fur": true,
      "feathers": false,
      "eggs": false,
      "venom": false
    },
    {
      "id": 2,
      "name": "Dog",
      "fur": true,
      "feathers": false,
      "eggs": false,
      "venom": false
    },
    {
      "id": 3,
      "name": "Penguin",
      "fur": false,
      "feathers": true,
      "eggs": true,
      "venom": false
    },
    {
      "id": 4,
      "name": "Platypus",
      "fur": true,
      "feathers": false,
      "eggs": true,
      "venom": true
    },
    {
      "id": 5,
      "name": "Snek",
      "fur": false,
      "feathers": false,
      "eggs": true,
      "venom": true
    }
  ],
  "colors": [
    {
      "id": "brown",
      "text": "Brown"
    },
    {
      "id": "grey",
      "text": "Grey"
    },
    {
      "id": "black",
      "text": "Black"
    },
    {
      "id": "white",
      "text": "White"
    },
    {
      "id": "orange",
      "text": "Orange"
    }
  ]
}